time,184.5
CO,10.416717601211444
CO2,2897.3871967680593
NOx,0.9509329381975986
fuel,1.2454800990605286
HC,0.08069604432356742
noise,65.8191847826087
PMx,0.02976877430222496
speed,15.478297101449273
y,-1.5547303464795599
x,2857.570344202899
time,67896.0
CO,3833.3520772458105
CO2,1066238.488410646
NOx,349.9433212567163
fuel,458.33667645427454
HC,29.69614431107281
noise,24221.460000000003
PMx,10.954908943218788
speed,5696.013333333333
y,-572.140767504478
x,1051585.8866666667
time,160.5
CO,10.567643904128586
CO2,3089.5169917716703
NOx,1.0000395003853086
fuel,1.3277229096949683
HC,0.07992834224284344
noise,66.86703125000001
PMx,0.03286033435554139
speed,17.03317708333333
y,-1.1198706312653113
x,2623.637
time,51360.0
CO,3381.6460493211466
CO2,988645.4373669346
NOx,320.0126401232988
fuel,424.87133110238983
HC,25.5770695177099
noise,21397.45
PMx,10.515306993773246
speed,5450.616666666666
y,-358.35860200489964
x,839563.84
time,149.0
CO,7.766999560385585
CO2,3172.593666288791
NOx,1.0095826793131082
fuel,1.3624912769838657
HC,0.07406519980586947
noise,67.65879910213242
PMx,0.0349664970357542
speed,18.272087542087544
y,-1.8754725070630727
x,2639.9819191919196
time,44253.0
CO,2306.798869434519
CO2,942260.318887771
NOx,299.8460557559932
fuel,404.6599092642082
HC,21.997364342343236
noise,20094.66333333333
PMx,10.385049619618995
speed,5426.81
y,-557.0153345977325
x,784074.63
time,152.5
CO,7.861874703835448
CO2,3123.708441453317
NOx,0.9914258276048503
fuel,1.341863757534077
HC,0.07099478164911699
noise,67.69706140350877
PMx,0.03391932735596203
speed,18.340065789473684
y,-1.5045655465709835
x,2689.771885964912
time,46360.0
CO,2390.009909965976
CO2,949607.3662018083
NOx,301.39345159187445
fuel,407.9265822903594
HC,21.582413621331565
noise,20579.906666666666
PMx,10.311475516212456
speed,5575.38
y,-457.387926157579
x,817690.6533333333
time,152.0
CO,7.14002166147444
CO2,2721.4873825975756
NOx,0.8629223445476666
fuel,1.1690088802565826
HC,0.0623870079361856
noise,67.22359735973598
PMx,0.02871522467006471
speed,17.616908690869085
y,-0.8382096101417161
x,2667.4102640264027
time,46056.0
CO,2163.4265634267554
CO2,824610.6769270655
NOx,261.46547039794297
fuel,354.20969071774454
HC,18.90326340466424
noise,20368.750000000004
PMx,8.700713075029608
speed,5337.923333333333
y,-253.97751187293997
x,808225.3099999999
time,111.5
CO,55.63468222178009
CO2,5131.218200238204
NOx,1.8253594151777797
fuel,2.2059331051864626
HC,0.37509914450696175
noise,70.03962462462461
PMx,0.0983763027910951
speed,22.432537537537538
y,-2.358816993833268
x,2280.921396396396
time,24753.0
CO,12350.899453235179
CO2,1139130.4404528812
NOx,405.2297901694671
fuel,489.7171493513947
HC,83.2720100805455
noise,15548.796666666667
PMx,21.839539219623116
speed,4980.023333333333
y,-523.6573726309856
x,506364.55
time,121.0
CO,46.21849027160179
CO2,4716.648286313958
NOx,1.659125152598701
fuel,2.0274425453499436
HC,0.3104295279650608
noise,69.27845089903181
PMx,0.08470643588867667
speed,21.100982019363762
y,-1.4116456259790617
x,2217.9088934993088
time,29161.0
CO,11138.656155456032
CO2,1136712.2370016642
NOx,399.84916177628685
fuel,488.6136534293364
HC,74.81351623957966
noise,16696.106666666667
PMx,20.41425104917108
speed,5085.336666666667
y,-340.2065958609539
x,534516.0433333333
time,181.5
CO,16.699879768442727
CO2,3100.9866219557152
NOx,1.038642308900564
fuel,1.332353229457315
HC,0.10933000192098512
noise,65.98895948434624
PMx,0.03427551618487345
speed,15.746556169429098
y,-0.7172750841796076
x,2985.266362799264
time,65703.0
CO,6045.356476176268
CO2,1122557.157147969
NOx,375.9885158220042
fuel,482.31186906354804
HC,39.57746069539662
noise,23888.003333333338
PMx,12.407736858924189
speed,5700.253333333334
y,-259.653580473018
x,1080666.4233333333
time,110.5
CO,57.65620485547574
CO2,5042.653118865289
NOx,1.7835659737776417
fuel,2.1677513395425883
HC,0.38141043484881204
noise,70.41957575757574
PMx,0.09967683337637549
speed,23.15507575757576
y,-1.9427282060436024
x,2314.798515151515
time,24310.0
CO,12684.365068204663
CO2,1109383.6861503636
NOx,392.3845142310811
fuel,476.90529469936945
HC,83.91029566673865
noise,15492.306666666665
PMx,21.928903342802602
speed,5094.116666666668
y,-427.40020532959244
x,509255.67333333334
time,180.66666666666666
CO,19.562497291058182
CO2,2957.02097349971
NOx,0.9687606359201268
fuel,1.270649399960951
HC,0.11593713528239537
noise,65.96676937441644
PMx,0.03530361890364261
speed,15.784677871148459
y,-1.5978788329675488
x,3007.824565826331
time,64498.0
CO,6983.811532907773
CO2,1055656.4875393966
NOx,345.8475470234853
fuel,453.62183578605953
HC,41.389557295815145
noise,23550.13666666667
PMx,12.60339194860041
speed,5635.13
y,-570.4427433694149
x,1073793.37
time,184.5
CO,15.615539915642998
CO2,3006.948830889039
NOx,1.0139970423056384
fuel,1.2924812399241927
HC,0.10356286580772465
noise,65.85076086956524
PMx,0.03335602196010421
speed,15.51029891304348
y,-0.4240173672216983
x,2928.6565942028988
time,67896.0
CO,5746.518688956622
CO2,1106557.1697671663
NOx,373.150911568475
fuel,475.6330962921029
HC,38.111134617242676
noise,24233.080000000005
PMx,12.27501608131835
speed,5707.790000000001
y,-156.03839113758497
x,1077745.6266666667
time,181.5
CO,16.086522478308563
CO2,3129.653929589007
NOx,1.0538450886497193
fuel,1.3451398992724044
HC,0.11692309176244091
noise,65.94129834254146
PMx,0.03763166042540919
speed,15.667348066298343
y,-1.0041851178514507
x,2949.525635359116
time,65703.0
CO,5823.321137147698
CO2,1132934.7225112205
NOx,381.4919220911983
fuel,486.9406435366104
HC,42.3261592180036
noise,23870.75000000001
PMx,13.622661073998126
speed,5671.579999999999
y,-363.5150126622252
x,1067728.28
time,181.0
CO,17.682406970308854
CO2,3116.7915107463273
NOx,1.0454378367757442
fuel,1.3396038568341415
HC,0.12107164524960622
noise,65.99034164358265
PMx,0.037180615401789276
speed,15.783000923361035
y,-1.5819446833262625
x,3001.219205909511
time,65341.0
CO,6383.348916281496
CO2,1125161.7353794242
NOx,377.40305907604375
fuel,483.59699231712506
HC,43.70686393510784
noise,23822.51333333334
PMx,13.422202160045927
speed,5697.663333333333
y,-571.0820306807807
x,1083440.1333333335
time,107.5
CO,73.387251894848
CO2,5671.120945568172
NOx,2.009648534824144
fuel,2.438167273014199
HC,0.4680687124528771
noise,72.0922585669782
PMx,0.11842181765428476
speed,26.061448598130838
y,-0.6606397895110252
x,2575.6138940809965
time,23005.0
CO,15704.871905497474
CO2,1213619.8823515887
NOx,430.06478645236683
fuel,521.7677964250386
HC,100.16670446491571
noise,15427.743333333332
PMx,25.342268978016943
speed,5577.150000000001
y,-141.37691495535938
x,551181.3733333333
time,181.0
CO,27.43593226968459
CO2,3121.289267725446
NOx,1.040612218007457
fuel,1.3407336379017956
HC,0.1526580792449064
noise,66.00170821791322
PMx,0.04204148270971547
speed,15.851394275161589
y,-1.294318377266942
x,3023.688310249307
time,65341.0
CO,9904.371549356138
CO2,1126785.425648886
NOx,375.6610107006921
fuel,484.00484328254817
HC,55.10956660741122
noise,23826.61666666668
PMx,15.176975258207287
speed,5722.3533333333335
y,-467.248934193366
x,1091551.4800000002
time,250.5
CO,19.466385269346727
CO2,2301.3146242679136
NOx,0.7795119978216093
fuel,0.9905620514608002
HC,0.13272810813839694
noise,62.21292
PMx,0.016385755710212415
speed,10.47492
y,-0.5298290757107118
x,2788.5689733333334
time,125250.0
CO,9733.192634673365
CO2,1150657.3121339567
NOx,389.7559989108047
fuel,495.28102573040013
HC,66.36405406919846
noise,31106.459999999995
PMx,8.19287785510621
speed,5237.46
y,-264.91453785535595
x,1394284.4866666666
time,143.0
CO,33.22949963143698
CO2,2966.429048936114
NOx,1.0405962793162955
fuel,1.275126171716688
HC,0.19757178648564744
noise,64.29898245614035
PMx,0.03753635781437307
speed,13.441847953216373
y,-0.8823200689081895
x,2021.6874269005846
time,40755.0
CO,9470.407394959539
CO2,845432.2789467926
NOx,296.56993960514416
fuel,363.4109589392562
HC,56.30795914840953
noise,18325.21
PMx,10.697861977096323
speed,3830.9266666666663
y,-251.461219638834
x,576180.9166666666
time,250.0
CO,19.6078296971088
CO2,2326.7938919114695
NOx,0.7886133648834265
fuel,1.0015225180871299
HC,0.132416715790901
noise,62.284769539078155
PMx,0.017113972164923233
speed,10.574655978623914
y,-0.5308553899489672
x,2792.593934535738
time,124750.0
CO,9784.307018857295
CO2,1161070.152063823
NOx,393.5180690768298
fuel,499.7597365254779
HC,66.0759411796596
noise,31080.099999999995
PMx,8.539872110296693
speed,5276.753333333333
y,-264.89683958453463
x,1393504.3733333333
time,153.0
CO,7.3462084761337705
CO2,3251.1661208274672
NOx,1.0255840098834927
fuel,1.397230518743311
HC,0.06886697738757784
noise,67.8424480874317
PMx,0.03501057626370705
speed,18.571486338797815
y,-2.1672067794710532
x,2711.0603169398905
time,46665.0
CO,2240.5935852208
CO2,991605.6668523775
NOx,312.80312301446526
fuel,426.1553082167099
HC,21.004428103211243
noise,20691.946666666667
PMx,10.67822576043065
speed,5664.303333333334
y,-660.9980677386712
x,826873.3966666666
time,250.0
CO,18.378347374164758
CO2,2224.731386683921
NOx,0.7420062425027689
fuel,0.9579698615988238
HC,0.12439084214843991
noise,62.23898463593853
PMx,0.015238093153993422
speed,10.534228456913828
y,-0.5308553899489672
x,2789.252090848364
time,124750.0
CO,9170.795339708215
CO2,1110140.9619552766
NOx,370.2611150088817
fuel,478.0269609378131
HC,62.07103023207151
noise,31057.25333333333
PMx,7.603808483842717
speed,5256.580000000001
y,-264.89683958453463
x,1391836.7933333337
time,169.5
CO,35.06914813612246
CO2,3559.4767218079483
NOx,1.2710526712947663
fuel,1.5295485946816452
HC,0.24016772101707887
noise,65.07467968441814
PMx,0.052149386842391864
speed,14.640540236686391
y,-1.067564242502182
x,2105.4253353057197
time,57291.0
CO,11853.372070009389
CO2,1203103.1319710864
NOx,429.615802897631
fuel,516.987425002396
HC,81.17668970377265
noise,21995.241733333332
PMx,17.62649275272845
speed,4948.5026
y,-360.83671396573754
x,711633.7633333333
time,250.0
CO,21.92511317006441
CO2,2343.054027779619
NOx,0.805850867209497
fuel,1.0088752243899628
HC,0.15009758506652346
noise,62.122552905811624
PMx,0.01848319745886754
speed,10.270073547094189
y,-0.9555397019081409
x,2638.0843820975283
time,124750.0
CO,10940.631471862143
CO2,1169183.95986203
NOx,402.1195827375389
fuel,503.4287369705914
HC,74.89869494819521
noise,30999.1539
PMx,9.223115531974903
speed,5124.7667
y,-476.81431125216227
x,1316404.1066666667
time,129.0
CO,48.79603808583983
CO2,5001.542131449785
NOx,1.7979315000272973
fuel,2.150058714535639
HC,0.3428339847399582
noise,69.75248612191959
PMx,0.09250393410273731
speed,21.4731906614786
y,-2.4939717057581587
x,2528.7486251621267
time,33153.0
CO,12540.581788060837
CO2,1285396.3277825948
NOx,462.0683955070155
fuel,552.5650896356593
HC,88.10833407816925
noise,17926.38893333333
PMx,23.773511064403493
speed,5518.610000000001
y,-640.9507283798467
x,649888.3966666666
time,250.0
CO,23.272741444183325
CO2,2480.844940073988
NOx,0.8544384279300989
fuel,1.0680736749253723
HC,0.15456167088958692
noise,62.25438877755511
PMx,0.020470752038049437
speed,10.542197728790915
y,-0.9555397019081409
x,2810.566112224449
time,124750.0
CO,11613.097980647479
CO2,1237941.62509692
NOx,426.3647755371194
fuel,532.9687637877608
HC,77.12627377390389
noise,31064.93999999999
PMx,10.21490526698667
speed,5260.556666666666
y,-476.81431125216227
x,1402472.4900000002
time,114.5
CO,64.83111094444355
CO2,5575.747856567475
NOx,1.985193910904565
fuel,2.396613479637826
HC,0.434589887790336
noise,71.15752923976608
PMx,0.11256973602430592
speed,24.385380116959066
y,-1.0513250939080985
x,2461.461374269006
time,26106.0
CO,14781.49329533313
CO2,1271270.511297384
NOx,452.62421168624087
fuel,546.4278733574242
HC,99.08649441619662
noise,16223.916666666666
PMx,25.665899813541753
speed,5559.866666666666
y,-239.7021214110464
x,561213.1933333334
time,250.0
CO,21.749026365394474
CO2,2492.4777296912403
NOx,0.8646794004386776
fuel,1.072802415713458
HC,0.15208298785432656
noise,62.2532598530394
PMx,0.021697118379879893
speed,10.522939211756848
y,-0.9555397019081409
x,2771.6656379425517
time,124750.0
CO,10852.764156331845
CO2,1243746.387115929
NOx,431.4750208189002
fuel,535.3284054410154
HC,75.88941093930895
noise,31064.376666666663
PMx,10.826862071560067
speed,5250.946666666666
y,-476.81431125216227
x,1383061.1533333333
time,143.5
CO,42.217108947091326
CO2,4258.121934695558
NOx,1.5655262752881596
fuel,1.8304198979822723
HC,0.29222501389191713
noise,66.34573426573427
PMx,0.07302669678702302
speed,16.435163170163168
y,-2.2873934009919306
x,2061.725617715618
time,41041.0
CO,12074.093158868118
CO2,1217822.8733229295
NOx,447.74051473241366
fuel,523.5000908229299
HC,83.5763539730883
noise,18974.879999999997
PMx,20.885635281088586
speed,4700.456666666666
y,-654.1945126836921
x,589653.5266666667
time,117.5
CO,60.80808442958513
CO2,5631.597110141486
NOx,2.068370892197311
fuel,2.420302472161674
HC,0.41535259154081006
noise,69.90092592592593
PMx,0.11046583844655562
speed,21.95688034188034
y,-0.6186668783868599
x,2345.7054273504277
time,27495.0
CO,14229.09175652292
CO2,1317793.7237731076
NOx,483.99878877417086
fuel,566.3507784858317
HC,97.19250642054955
noise,16356.816666666666
PMx,25.84900619649402
speed,5137.91
y,-144.7680495425252
x,548895.0700000001
time,116.0
CO,65.65579030598528
CO2,5516.213758622743
NOx,1.9979254128758015
fuel,2.370992452241843
HC,0.43092114327975706
noise,70.24546897546895
PMx,0.10936506783925053
speed,22.85443001443001
y,-1.8740493145689625
x,2305.8863924963925
time,26796.0
CO,15166.4875606826
CO2,1274245.3782418536
NOx,461.5207703743102
fuel,547.6992564678657
HC,99.5427840976239
noise,16226.70333333333
PMx,25.263330670866868
speed,5279.373333333333
y,-432.9053916654304
x,532659.7566666667
time,250.0
CO,23.189237431662477
CO2,2497.694610812117
NOx,0.8556629791348088
fuel,1.0752513650555608
HC,0.15919388946773538
noise,62.29136272545089
PMx,0.02257969711380332
speed,10.620915163660653
y,-0.5308553899489672
x,2832.8951636606544
time,124750.0
CO,11571.429478399577
CO2,1246349.6107952462
NOx,426.9758265882695
fuel,536.5504311627249
HC,79.43775084439996
noise,31083.389999999996
PMx,11.267268859787855
speed,5299.836666666666
y,-264.89683958453463
x,1413614.6866666665
time,152.5
CO,7.689651646261012
CO2,3235.9267869418723
NOx,1.019907354672326
fuel,1.3911766422930407
HC,0.06831252821308927
noise,67.76736842105264
PMx,0.03475769067169005
speed,18.447905701754383
y,-1.5045655465709835
x,2705.0478070175436
time,46360.0
CO,2337.6541004633477
CO2,983721.743230329
NOx,310.05183582038705
fuel,422.9176992570844
HC,20.76700857677914
noise,20601.280000000002
PMx,10.566337964193773
speed,5608.163333333333
y,-457.387926157579
x,822334.5333333333
time,155.0
CO,7.21237195921685
CO2,3250.776503499017
NOx,1.026515537813651
fuel,1.3977497697962133
HC,0.06823779074539499
noise,67.8309600862999
PMx,0.03502830530763463
speed,18.54596548004315
y,-1.1540715567701456
x,2755.4030852211436
time,47895.0
CO,2228.622935398007
CO2,1004489.9395811962
NOx,317.1933011844181
fuel,431.9046788670299
HC,21.085477340327053
noise,20959.766666666666
PMx,10.823746340059103
speed,5730.703333333334
y,-356.608111041975
x,851419.5533333333
time,149.16666666666666
CO,8.043551958031975
CO2,3007.578276599155
NOx,0.9574810641194599
fuel,1.2932648665188606
HC,0.07396773206107411
noise,68.0348866213152
PMx,0.033135816382684674
speed,18.854421768707486
y,-1.8915227986812713
x,2686.739591836735
time,43855.0
CO,2364.8042756614
CO2,884228.0133201514
NOx,281.4994328511212
fuel,380.21987075654505
HC,21.74651322595579
noise,20002.256666666668
PMx,9.741930016509295
speed,5543.200000000001
y,-556.1077028122937
x,789901.4400000001
time,150.5
CO,5.965764127493774
CO2,3151.4369549046755
NOx,0.9805237661185195
fuel,1.3545640890573043
HC,0.05893758954613689
noise,68.11290000000001
PMx,0.03297029393077347
speed,18.993088888888888
y,-1.5215345694859417
x,2779.924211111111
time,45150.0
CO,1789.7292382481326
CO2,945431.0864714027
NOx,294.15712983555585
fuel,406.36922671719134
HC,17.681276863841067
noise,20433.870000000003
PMx,9.89108817923204
speed,5697.926666666666
y,-456.4603708457824
x,833977.2633333333
time,149.0
CO,6.705845678343059
CO2,3188.2952631820613
NOx,0.9955310824903263
fuel,1.368886933095254
HC,0.06598067911272541
noise,68.19157126823792
PMx,0.033354416486462785
speed,19.118226711560045
y,-1.8754725070630724
x,2768.942469135803
time,44253.0
CO,1991.6361664678886
CO2,946923.6931650722
NOx,295.6727314996269
fuel,406.55941912929046
HC,19.596261696479445
noise,20252.896666666664
PMx,9.906261696479445
speed,5678.113333333334
y,-557.0153345977324
x,822375.9133333334
time,138.0
CO,24.003650564680996
CO2,3684.8342680598066
NOx,1.264664373086071
fuel,1.5837336264801714
HC,0.19557282273728083
noise,69.12612121212122
PMx,0.06071113666902825
speed,20.68340606060606
y,-1.6354053028675264
x,2868.5148242424243
time,37950.0
CO,6601.003905287274
CO2,1013329.4237164467
NOx,347.7827025986696
fuel,435.52674728204715
HC,53.78252625275223
noise,19009.683333333334
PMx,16.695562583982767
speed,5687.936666666667
y,-449.7364582885698
x,788841.5766666667
time,108.5
CO,55.296551436423194
CO2,5095.7784375601195
NOx,1.8214628824251464
fuel,2.1902819418486947
HC,0.37814786591199234
noise,70.6783024691358
PMx,0.10026783013565423
speed,23.41450617283951
y,-2.40620780528584
x,2326.735478395062
time,23436.0
CO,11944.055110267409
CO2,1100688.1425129857
NOx,393.43598260383163
fuel,473.1008994393181
HC,81.67993903699035
noise,15266.513333333334
PMx,21.65785130930131
speed,5057.533333333334
y,-519.7408859417415
x,502574.86333333334
time,136.0
CO,30.704324269917347
CO2,3705.144218401894
NOx,1.2967656257091227
fuel,1.592818770294609
HC,0.22510348544991218
noise,69.21761377613778
PMx,0.06600087296384533
speed,20.874046740467403
y,-2.3905024524651672
x,2867.0542312423127
time,36856.0
CO,8320.8718771476
CO2,1004094.0831869133
NOx,351.42348456717224
fuel,431.65388674983905
HC,61.00304455692619
noise,18757.973333333335
PMx,17.886236573202083
speed,5656.866666666666
y,-647.8261646180603
x,776971.6966666668
time,114.16666666666667
CO,54.40026949229203
CO2,5045.497661472277
NOx,1.7725564096288584
fuel,2.1686192419882215
HC,0.3580638948025543
noise,70.5884375
PMx,0.0961745074560046
speed,23.231011904761903
y,-2.343353828492391
x,2466.0523809523806
time,25573.333333333332
CO,12185.660366273412
CO2,1130191.4761697901
NOx,397.0526357568642
fuel,485.7707102053617
HC,80.20631243577215
noise,15811.81
PMx,21.543089670145037
speed,5203.746666666667
y,-524.9112575822957
x,552395.7333333333
time,136.0
CO,31.409824935750972
CO2,3448.2758759592093
NOx,1.1965750601950627
fuel,1.4826499135347364
HC,0.22381366434644046
noise,69.34436654366543
PMx,0.062320736533345966
speed,21.109963099631
y,-1.6549632363220388
x,2933.460910209102
time,36856.0
CO,8512.062557588513
CO2,934482.7623849459
NOx,324.271841312862
fuel,401.79812656791347
HC,60.653503037885365
noise,18792.323333333334
PMx,16.88891960053676
speed,5720.8
y,-448.49503704327253
x,794967.9066666667
time,111.0
CO,52.03395337465389
CO2,4855.1335057647675
NOx,1.7128701009865221
fuel,2.087023621982344
HC,0.3581090915744675
noise,70.81834087481145
PMx,0.09445422638216346
speed,23.655731523378588
y,-1.506024848131763
x,2405.3239819004525
time,24531.0
CO,11499.503695798512
CO2,1072984.5047740135
NOx,378.5442923180214
fuel,461.2322204580981
HC,79.14210923795731
noise,15650.853333333334
PMx,20.874384030458124
speed,5227.916666666668
y,-332.8314914371196
x,531576.6
time,108.0
CO,67.92753285902873
CO2,5555.564890038196
NOx,1.9648164228719118
fuel,2.388496978630617
HC,0.44870318452951796
noise,71.82037209302325
PMx,0.11362898854626029
speed,25.562527131782947
y,-2.414255199788935
x,2533.7216899224804
time,23220.0
CO,14604.419564691178
CO2,1194446.4513582122
NOx,422.43553091746116
fuel,513.5268504055826
HC,96.47118467384637
noise,15441.38
PMx,24.43023253744596
speed,5495.943333333334
y,-519.064867954621
x,544750.1633333333
time,110.0
CO,67.84394965344005
CO2,5597.159986778582
NOx,1.977764757729154
fuel,2.406019099384712
HC,0.43808316203921155
noise,71.80322678843226
PMx,0.11339618086868275
speed,25.516514459665146
y,-2.815472159076663
x,2572.8478995433784
time,24090.0
CO,14857.82497410337
CO2,1225778.0371045095
NOx,433.13048194268475
fuel,526.9181827652519
HC,95.94021248658733
noise,15724.906666666668
PMx,24.833763610241522
speed,5588.116666666666
y,-616.5884028377892
x,563453.69
time,108.5
CO,51.856083135737755
CO2,4492.555977482097
NOx,1.5938381986572212
fuel,1.9313553508071468
HC,0.3492799992678959
noise,70.61890432098765
PMx,0.09049199992990686
speed,23.371543209876545
y,-2.8437001335196292
x,2337.5635339506175
time,23436.0
CO,11200.913957319355
CO2,970392.0911361328
NOx,344.2690509099598
fuel,417.17275577434367
HC,75.44447984186552
noise,15253.683333333334
PMx,19.54627198485988
speed,5048.253333333333
y,-614.2392288402399
x,504913.7233333333
time,109.33333333333333
CO,75.89293551445432
CO2,5913.2727122984825
NOx,2.1100305321672237
fuel,2.5416527942385962
HC,0.49563465316927635
noise,72.26622432859399
PMx,0.12416423673478888
speed,26.315102685624012
y,-2.001993262877394
x,2608.7137124802525
time,23069.333333333332
CO,16013.40939354986
CO2,1247700.5422949798
NOx,445.2164422872841
fuel,536.2887395843438
HC,104.5789118187173
noise,15248.173333333334
PMx,26.198653951040455
speed,5552.486666666667
y,-422.42057846713016
x,550438.5933333334
time,98.5
CO,120.96798446717416
CO2,6944.286519695852
NOx,2.5636295096187127
fuel,2.985001910235992
HC,0.7293639377180222
noise,72.8815306122449
PMx,0.1619768796574188
speed,27.754336734693876
y,-2.107406770346386
x,2282.819370748299
time,19306.0
CO,23709.724955566136
CO2,1361080.157860387
NOx,502.4713838852677
fuel,585.0603744062544
HC,142.95533179273232
noise,14284.78
PMx,31.747468412854086
speed,5439.849999999999
y,-413.05172698789164
x,447432.5966666667
time,136.0
CO,38.537100648339425
CO2,3947.171332811837
NOx,1.3776380857500605
fuel,1.6970217703754742
HC,0.25498721999136426
noise,69.3028413284133
PMx,0.07122114218181393
speed,21.0170110701107
y,-2.3905024524651672
x,2921.448216482165
time,36856.0
CO,10443.554275699984
CO2,1069683.4311920078
NOx,373.33992123826647
fuel,459.89289977175355
HC,69.1015366176597
noise,18781.070000000003
PMx,19.300929531271574
speed,5695.610000000001
y,-647.8261646180603
x,791712.4666666668
time,86.5
CO,184.44215774897
CO2,8149.378977240088
NOx,3.1094426988034427
fuel,3.502790009688251
HC,0.9900642627920869
noise,73.29959302325581
PMx,0.2060349185706225
speed,28.739011627906976
y,-2.2952859718360075
x,2285.959534883721
time,14878.0
CO,31724.051132822846
CO2,1401693.1840852953
NOx,534.8241441941922
fuel,602.4798816663792
HC,170.29105320023893
noise,12607.529999999999
PMx,35.43800599414707
speed,4943.11
y,-394.7891871557932
x,393185.04000000004
time,138.0
CO,21.320507514565325
CO2,3963.579621352241
NOx,1.34526990110773
fuel,1.7031375693782926
HC,0.19070164308983584
noise,69.04213333333333
PMx,0.06242132794373293
speed,20.545018181818183
y,-1.2719819022302985
x,2812.5416969696976
time,37950.0
CO,5863.139566505463
CO2,1089984.395871866
NOx,369.9492228046258
fuel,468.36283157903046
HC,52.44295184970486
noise,18986.586666666666
PMx,17.165865184526556
speed,5649.88
y,-349.7950231133321
x,773448.9666666668
time,107.5
CO,52.27647316126295
CO2,4792.45926667923
NOx,1.668449931622512
fuel,2.059755210280971
HC,0.3465625175983485
noise,70.86079439252336
PMx,0.09212203079808345
speed,23.786884735202495
y,-1.5414928421923915
x,2424.332632398754
time,23005.0
CO,11187.165256510272
CO2,1025586.2830693551
NOx,357.0482853672176
fuel,440.7876150001278
HC,74.16437876604658
noise,15164.209999999997
PMx,19.71411459078986
speed,5090.393333333334
y,-329.8794682291718
x,518807.1833333334
time,136.0
CO,33.2659659128933
CO2,3433.554269060407
NOx,1.1854202379578564
fuel,1.4754428868014173
HC,0.22475913416714052
noise,69.28383763837638
PMx,0.06201692266250756
speed,21.01771217712177
y,-2.022732844393603
x,2956.0459655596555
time,36856.0
CO,9015.076762394083
CO2,930493.2069153702
NOx,321.248884486579
fuel,399.8450223231841
HC,60.90972535929509
noise,18775.920000000002
PMx,16.806586041539546
speed,5695.8
y,-548.1606008306665
x,801088.4566666667
time,126.5
CO,63.132822790328845
CO2,5065.697966176061
NOx,1.8369808659854856
fuel,2.1781637352303926
HC,0.39262480686943774
noise,68.92550264550265
PMx,0.09721461228868757
speed,20.51292328042328
y,-1.363784516013993
x,2256.8936640211646
time,31878.0
CO,15909.471343162868
CO2,1276555.8874763672
NOx,462.9191782283424
fuel,548.8972612780589
HC,98.94145133109829
noise,17369.22666666667
PMx,24.49808229674927
speed,5169.256666666667
y,-343.67369803552623
x,568737.2033333334
time,120.5
CO,72.86805831215275
CO2,5622.958823130767
NOx,2.0663314165051547
fuel,2.416696036147427
HC,0.4535310465785194
noise,70.03473666666667
PMx,0.11216526147360922
speed,22.111437777777777
y,-2.2253522653943154
x,2412.199972222222
time,28920.0
CO,17488.333994916662
CO2,1349510.1175513843
NOx,495.91953996123715
fuel,580.0070486753824
HC,108.84745117884466
noise,16808.3368
PMx,26.919662753666213
speed,5306.745066666666
y,-534.0845436946357
x,578927.9933333333
time,250.0
CO,23.43934750808636
CO2,2509.8011551426866
NOx,0.8556734565961
fuel,1.080673370546174
HC,0.16109037542053303
noise,62.26526386105544
PMx,0.023005084595346243
speed,10.581736806947228
y,-1.1678818578877277
x,2833.205611222445
time,124750.0
CO,11696.234406535097
CO2,1252390.7764162007
NOx,426.9810548414539
fuel,539.2560119025408
HC,80.38409733484598
noise,31070.366666666658
PMx,11.479537213077776
speed,5280.286666666667
y,-582.7730470859761
x,1413769.5999999999
time,158.0
CO,40.93597477884811
CO2,4202.910444572169
NOx,1.5069758717223394
fuel,1.8066734681803
HC,0.28326616701713975
noise,66.6864761904762
PMx,0.06941921600295864
speed,17.13338624338624
y,-1.4595382389865315
x,2160.988074074074
time,49770.0
CO,12894.832055337158
CO2,1323916.790040233
NOx,474.69739959253684
fuel,569.1021424767945
HC,89.22884261039901
noise,21006.24
PMx,21.867053040931967
speed,5397.016666666666
y,-459.75454528075744
x,680711.2433333333
time,250.0
CO,21.511744596355346
CO2,2394.7541467808805
NOx,0.8151265768947158
fuel,1.0310068395251653
HC,0.14077865687084692
noise,62.274615898463594
PMx,0.018782499706838495
speed,10.570507682030728
y,-0.9555397019081409
x,2823.9641015364055
time,124750.0
CO,10734.360553581317
CO2,1194982.3192436595
NOx,406.74816187046326
fuel,514.4724129230575
HC,70.24854977855261
noise,31075.03333333333
PMx,9.372467353712409
speed,5274.683333333333
y,-476.81431125216227
x,1409158.0866666667
time,104.0
CO,74.12628182938384
CO2,5788.064204939059
NOx,2.035229373747148
fuel,2.487508587589312
HC,0.48577341582665134
noise,72.45391304347827
PMx,0.12230579383374496
speed,26.73489533011272
y,-1.1273715784103675
x,2594.7151368760065
time,21528.0
CO,15344.140338682459
CO2,1198129.2904223853
NOx,421.2924803656597
fuel,514.9142776309876
HC,100.55509707611684
noise,14997.960000000001
PMx,25.317299323585207
speed,5534.123333333333
y,-233.36591673094608
x,537106.0333333332
time,103.0
CO,99.6105849483885
CO2,6639.046960586743
NOx,2.4678434377212644
fuel,2.8537714053867327
HC,0.6186373566573169
noise,72.05508943089431
PMx,0.14778633866414773
speed,25.84510569105691
y,-2.9511874107775284
x,2396.091707317073
time,21115.0
CO,20420.169914419643
CO2,1361004.6269202821
NOx,505.90790473285915
fuel,585.0231381042802
HC,126.82065811474996
noise,14771.293333333335
PMx,30.29619942615029
speed,5298.246666666667
y,-604.9934192093933
x,491198.8
time,81.5
CO,199.8580076250411
CO2,9074.379330917427
NOx,3.456131655479947
fuel,3.901286453146333
HC,1.1475936923844414
noise,75.59895061728395
PMx,0.23721069148515708
speed,32.918004115226346
y,-1.8521677043090758
x,2453.018230452675
time,13203.0
CO,32376.997235256655
CO2,1470049.4516086231
NOx,559.8933281877513
fuel,632.0084054097059
HC,185.9101781662795
noise,12247.029999999999
PMx,38.428132020595456
speed,5332.716666666667
y,-300.05116809807026
x,397388.95333333337
time,87.5
CO,164.3049582396184
CO2,7911.1673265257095
NOx,3.0015109880401685
fuel,3.4010429545028225
HC,0.9010397029160123
noise,73.32404214559386
PMx,0.1930720052509188
speed,28.417049808429123
y,-2.7850151377045482
x,2314.1847701149422
time,15225.0
CO,28589.0627336936
CO2,1376543.1148154736
NOx,522.2629119189893
fuel,591.7814740834912
HC,156.78090830738614
noise,12758.383333333333
PMx,33.594528913659865
speed,4944.566666666667
y,-484.5926339605914
x,402668.14999999997
time,118.5
CO,43.51899711711787
CO2,4806.927763231084
NOx,1.6945959509811122
fuel,2.0663609732411543
HC,0.2945278490671983
noise,69.8975
PMx,0.08643760218561296
speed,21.82949152542373
y,-2.2539305352018615
x,2523.3259604519776
time,27966.0
CO,10270.483319639818
CO2,1134434.9521225358
NOx,399.92464443154245
fuel,487.6611896849124
HC,69.50857237985879
noise,16495.81
PMx,20.39927411580466
speed,5151.759999999999
y,-531.9276063076392
x,595504.9266666668
time,137.0
CO,29.163690356282427
CO2,3629.157166073003
NOx,1.2627701765869295
fuel,1.5595696512836092
HC,0.2090199332393565
noise,69.31383394383394
PMx,0.06364839929852904
speed,20.914835164835164
y,-1.6451354791432653
x,2963.3518315018314
time,37401.0
CO,7961.687467265103
CO2,990759.9063379299
NOx,344.73625820823173
fuel,425.7625148004254
HC,57.062441774344315
noise,18922.676666666663
PMx,17.37601300849843
speed,5709.75
y,-449.12198580611147
x,808995.0499999999
time,101.33333333333333
CO,78.69681599431404
CO2,5837.8852406821
NOx,2.1052243602289917
fuel,2.5096493126516237
HC,0.5061326286261151
noise,72.86546063651592
PMx,0.1266131674710935
speed,27.21921273031826
y,-2.5491020290847946
x,2580.6937018425456
time,20165.333333333332
CO,15660.666382868492
CO2,1161739.162895738
NOx,418.93964768556935
fuel,499.42021321767317
HC,100.72039309659692
noise,14500.226666666667
PMx,25.1960203267476
speed,5416.623333333334
y,-507.2713037878741
x,513558.0466666666
time,178.83333333333334
CO,72.64159697786066
CO2,4669.435415669079
NOx,1.7786062963114457
fuel,2.0075750494869884
HC,0.4388335709195943
noise,64.99962335216573
PMx,0.08621209897551503
speed,14.76475517890772
y,-1.9027477262247492
x,2122.1568832391713
time,63307.0
CO,25715.12533016267
CO2,1652980.137146854
NOx,629.6266288942517
fuel,710.6815675183939
HC,155.3470841055364
noise,23009.86666666667
PMx,30.519083037332326
speed,5226.723333333333
y,-673.5726950835611
x,751243.5366666665
time,250.0
CO,32.767335028796325
CO2,2949.4759903113704
NOx,1.0704687592849675
fuel,1.2695528979416333
HC,0.21168878279142608
noise,62.2952839011356
PMx,0.03383331404016458
speed,10.563954575818302
y,-1.1678818578877275
x,2823.7921309285234
time,124750.0
CO,16350.900179369366
CO2,1471788.5191653736
NOx,534.1639108831988
fuel,633.5068960728751
HC,105.63270261292159
noise,31085.34666666666
PMx,16.882823706042124
speed,5271.413333333334
y,-582.773047085976
x,1409072.2733333334
time,250.0
CO,28.025349427808354
CO2,2681.1958347041164
NOx,0.9429519262817618
fuel,1.1541655645131252
HC,0.18558359497822208
noise,62.256720106880415
PMx,0.027011253212710164
speed,10.548329993319973
y,-0.5308553899489672
x,2832.377849031396
time,124750.0
CO,13984.649364476369
CO2,1337916.721517354
NOx,470.5330112145992
fuel,575.9286166920496
HC,92.60621389413284
noise,31066.103333333333
PMx,13.478615353142372
speed,5263.616666666667
y,-264.89683958453463
x,1413356.5466666669
time,120.0
CO,62.84500223779151
CO2,5442.179872073976
NOx,1.9504404560174684
fuel,2.339232956289705
HC,0.403717279279945
noise,70.7894560669456
PMx,0.10802887815842376
speed,23.453096234309626
y,-2.2324410507923127
x,2487.2848953974894
time,28680.0
CO,15019.955534832172
CO2,1300680.9894256804
NOx,466.1552689881749
fuel,559.0766765532395
HC,96.48842974790686
noise,16918.68
PMx,25.818901879863276
speed,5605.290000000001
y,-533.5534111393628
x,594461.09
time,125.0
CO,56.93685874321858
CO2,5296.939848994344
NOx,1.9516567662634057
fuel,2.277281172515421
HC,0.383940784509149
noise,69.85425702811246
PMx,0.10359778625473777
speed,21.749812583668007
y,-1.3765695264537694
x,2556.2421820615796
time,31125.0
CO,14177.277827061427
CO2,1318938.0223995915
NOx,485.962534799588
fuel,567.0430119563397
HC,95.60125534277809
noise,17393.71
PMx,25.795848777429708
speed,5415.703333333334
y,-342.76581208698855
x,636504.3033333333
time,250.0
CO,25.240837344106566
CO2,2570.507963658893
NOx,0.8894865523028863
fuel,1.1066182565588365
HC,0.17052143932220262
noise,62.26935871743487
PMx,0.024878206525404428
speed,10.570948563794255
y,-0.9555397019081407
x,2836.5372411489643
time,124750.0
CO,12595.177834709175
CO2,1282683.4738657877
NOx,443.85378959914027
fuel,552.2025100228593
HC,85.0901982217791
noise,31072.41
PMx,12.41422505617681
speed,5274.903333333334
y,-476.8143112521622
x,1415432.0833333333
time,117.0
CO,63.38763315682953
CO2,5412.365557890041
NOx,1.9687884735692898
fuel,2.3260914077255515
HC,0.41953221015836517
noise,70.09555078683833
PMx,0.10703582299990344
speed,22.47974248927039
y,-1.0344362765171395
x,2327.4413304721033
time,27261.0
CO,14769.31852554128
CO2,1261081.1749883795
NOx,458.72771434164457
fuel,541.9792980000535
HC,97.75100496689909
noise,16332.263333333334
PMx,24.939346758977496
speed,5237.78
y,-241.0236524284935
x,542293.83
time,138.5
CO,19.31827200562606
CO2,3527.8769826012326
NOx,1.1450987359669484
fuel,1.5171784235089325
HC,0.11730937241113475
noise,68.53632850241546
PMx,0.04535726820155215
speed,19.66521739130435
y,-1.2682261094765652
x,2722.499311594203
time,38226.0
CO,5331.843073552792
CO2,973694.0471979402
NOx,316.0472511268777
fuel,418.74124488846536
HC,32.377386785473185
noise,18916.02666666667
PMx,12.518606023628394
speed,5427.599999999999
y,-350.0304062155321
x,751409.8099999999
time,87.5
CO,123.58452708256318
CO2,6264.959967705385
NOx,2.315181415955546
fuel,2.6925744500938973
HC,0.6810227600382222
noise,71.51277777777777
PMx,0.1481446055006074
speed,25.243544061302675
y,-2.7850151377045482
x,2156.7373371647514
time,15225.0
CO,21503.707712365995
CO2,1090103.034380737
NOx,402.841566376265
fuel,468.5079543163381
HC,118.49796024665063
noise,12443.223333333333
PMx,25.777161357105694
speed,4392.376666666666
y,-484.5926339605914
x,375272.2966666667
time,144.5
CO,21.695674508824727
CO2,3735.714649219159
NOx,1.2569061772945511
fuel,1.606372589583622
HC,0.16384359328172202
noise,68.42502314814816
PMx,0.05555431974733349
speed,19.508321759259257
y,-1.9243341686326971
x,2706.3176736111113
time,41616.0
CO,6248.3542585415225
CO2,1075885.8189751178
NOx,361.9889790608307
fuel,462.63530580008313
HC,47.18695486513595
noise,19706.406666666666
PMx,15.999644087232044
speed,5618.3966666666665
y,-554.2082405662168
x,779419.4900000001
time,137.5
CO,23.682240987688147
CO2,3197.8782166420247
NOx,1.0763084452957552
fuel,1.3752795960219146
HC,0.1659105918309726
noise,68.85148418491484
PMx,0.05161633208418214
speed,20.248199513381994
y,-1.640258269883395
x,2831.811192214112
time,37675.0
CO,6488.934030626552
CO2,876218.6313599147
NOx,294.90851401103697
fuel,376.82660931000464
HC,45.459502161686494
noise,18865.306666666667
PMx,14.142874991065904
speed,5548.006666666667
y,-449.4307659480503
x,775916.2666666666
time,105.0
CO,54.63456136346158
CO2,4584.844385656954
NOx,1.5899805126289355
fuel,1.9702195378848089
HC,0.3429845936426643
noise,70.57861244019138
PMx,0.08939349870106851
speed,23.313317384370013
y,-2.0155573348248823
x,2402.2682775119615
time,21945.0
CO,11418.623324963473
CO2,958232.4766023033
NOx,332.30592713944753
fuel,411.77588341792506
HC,71.68378007131685
noise,14750.929999999998
PMx,18.68324122852332
speed,4872.483333333333
y,-421.2514829784004
x,502074.07
time,250.5
CO,23.27271582951064
CO2,2270.741754839315
NOx,0.7700356633678318
fuel,0.9783738126152649
HC,0.15011827549142082
noise,61.96403333333333
PMx,0.014924027360448934
speed,10.12152
y,-0.7417607059949964
x,2620.06358
time,125250.0
CO,11636.35791475532
CO2,1135370.8774196575
NOx,385.01783168391586
fuel,489.18690630763246
HC,75.0591377457104
noise,30982.016666666666
PMx,7.462013680224467
speed,5060.759999999999
y,-370.8803529974982
x,1310031.79
time,250.0
CO,23.88069335670077
CO2,2386.8321912741208
NOx,0.824559026190269
fuel,1.0274142786922862
HC,0.1558545983354848
noise,62.1566466265865
PMx,0.018875494787912523
speed,10.377054108216432
y,-0.7431975459285541
x,2722.2318837675352
time,124750.0
CO,11916.465984993682
CO2,1191029.263445786
NOx,411.45495406894423
fuel,512.6797250674508
HC,77.77144456940691
noise,31016.16666666666
PMx,9.418871899168352
speed,5178.150000000001
y,-370.8555754183485
x,1358393.71
time,250.0
CO,23.42704882057645
CO2,2470.717839200552
NOx,0.8460832016934668
fuel,1.063947808482262
HC,0.1592229701758999
noise,62.28720106880427
PMx,0.020735504239177745
speed,10.612672010688044
y,-1.3802240138673145
x,2849.5126519706077
time,124750.0
CO,11690.097361467648
CO2,1232888.2017610755
NOx,422.1955176450399
fuel,530.9099564326486
HC,79.45226211777404
noise,31081.313333333328
PMx,10.347016615349695
speed,5295.723333333333
y,-688.7317829197899
x,1421906.8133333335
time,123.0
CO,29.3995489642559
CO2,3022.9964565589858
NOx,1.0501485317963155
fuel,1.300073371647571
HC,0.19846822307555878
noise,64.94106122448979
PMx,0.04363024551017631
speed,14.561006802721089
y,-2.1904554731332535
x,1714.3458367346939
time,30135.0
CO,7202.889496242696
CO2,740634.1318569515
NOx,257.2863902900973
fuel,318.5179760536549
HC,48.62471465351191
noise,15910.56
PMx,10.689410149993195
speed,3567.4466666666667
y,-536.6615909176471
x,420014.73
time,250.0
CO,21.82846579038082
CO2,2388.683805626178
NOx,0.8088291945136112
fuel,1.0283995973551445
HC,0.14990015978093452
noise,62.27755511022044
PMx,0.018793931207128148
speed,10.601462925851704
y,-0.9555397019081407
x,2838.3816566466267
time,124750.0
CO,10892.40442940003
CO2,1191953.219007463
NOx,403.60576806229193
fuel,513.1713990802172
HC,74.80017973068632
noise,31076.499999999996
PMx,9.378171672356943
speed,5290.13
y,-476.8143112521622
x,1416352.4466666665
time,250.0
CO,21.997672761483727
CO2,2409.7498682290625
NOx,0.8172443908800481
fuel,1.0377347036338935
HC,0.15108807467480986
noise,62.26636606546425
PMx,0.019734018289228505
speed,10.584208416833668
y,-0.31851323396938047
x,2810.7912291249163
time,124750.0
CO,10976.83870798038
CO2,1202465.1842463023
NOx,407.804951049144
fuel,517.8296171133128
HC,75.3929492627301
noise,31070.91666666666
PMx,9.847275126325025
speed,5281.52
y,-158.93810375072084
x,1402584.8233333335
